Model,Training Time (s),Accuracy,F1 Score (macro)
Logistic Regression,11.373167037963867,0.6745,0.517233608059288
Random Forest,2.625277042388916,0.8045,0.4932772825412893
XGBoost,2.2063181400299072,0.992,0.9479716787596597
